"capacitor_length [um]","re(Mode(1)) []","re(Mode(2)) []","re(Mode(3)) []","re(Mode(4)) []","re(Mode(5)) []","re(Mode(6)) []","re(Mode(7)) []"
1,6219574477.74539,9557356703.84537,11163517949.2432,12007538559.8876,12498335797.5402,12804599433.5829,13009581284.6358
